text,label
Tu devolucion esta siendo procesada,ham
Gana dinero por compartir tus opiniones,spam
Recordatorio de tu cita con el nutricionista,ham
Quema grasa abdominal con este suplemento,spam
Agradecemos tu preferencia,ham
Obten tu score crediticio sin costo,spam
Firma el acuerdo de confidencialidad adjunto,ham
Aprovecha descuentos exclusivos para ti,spam
Confirmamos que recibimos tu pedido,ham
Desata tu potencial sexual con estas pastillas,spam
Tu reclamo esta siendo atendido,ham
Invierte en commodities con bajo riesgo,spam
Hola te gustaria conversar tomando un cafe,ham
Financia tus metas con nuestros prestamos,spam
Confirma tu registro al seminario,ham
Recupera tu cabello con este tratamiento,spam
Tu cuenta ha sido activada exitosamente,ham
Participa en el sorteo de un iPhone,spam
Verifica tu identidad para proteger tu cuenta,spam
Valoramos mucho tu retroalimentacion,ham
Usa nuestra app y acumula puntos canjeables,spam
Revisa el estado de cuenta adjunto,ham
Pierde peso con nuestro reto de 30 dias,spam
Actualiza tus preferencias de pago,ham
Tu donacion hara la diferencia,ham
Diviertete con estos memes de perros,spam
Feliz cumpleanos que lo pases increible,ham
Protege tu hogar con nuestras camaras de seguridad,spam
Hola sere tu asesor de imagen personal,spam
Bienvenido a bordo,ham
Aprovecha las mega ofertas de fin de semana,spam
Tu reservacion esta confirmada,ham
Encuentra tu equilibrio con meditacion,ham
Danos tu opinion sobre nuestro servicio,spam
Personaliza tu movil con este fondo de pantalla,spam
No calificaste para este prestamo,ham
Gana puntos por cada dolar que gastes,spam
Hola te interesa cotizar un seguro?,ham
Cuida a los que amas con un seguro de vida,spam
Suscribete y recibe nuestras promociones,spam
Gracias por tu lealtad a nuestra marca,ham
No te pierdas estos videos virales,spam
Tu factura ya esta disponible en linea,ham
Ejercita tu cerebro con acertijos diarios,spam
Completa tu perfil para una mejor experiencia,ham
Hoy es el ultimo dia de descuentos,spam
Conoce las actualizaciones a nuestras politicas,ham
Felicidades fuiste aceptado en la universidad,ham
Agenda tu revision medica anual,ham
Encuentra el amor con nuestra app de citas,spam
En agradecimiento por tu preferencia,ham
Lee nuestro resumen diario de noticias,spam
Felicidades estas pre-aprobado para un credito,ham
Presume un cuerpo tonificado este verano,spam
Reconfirma tu reserva para el tratamiento,ham
Gana dinero siendo mystery shopper,spam
Protegemos tus compras con garantia extendida,ham
Visita nuestra tienda y llevate un regalo,spam
Revisa mis comentarios al borrador,ham
Recibe tus pedidos sin costo de envio,spam
Tu equipaje arribara en el siguiente vuelo,ham
Manten alta tu energia con nuestras barritas,spam
Gracias por tu interes en nuestra vacante,ham
Obten criptomonedas gratis con este link,spam
Hola nos encantaria que te unas a nuestro equipo,ham
Divide tus pagos hasta en 24 meses,spam
Asiste a nuestra conferencia anual,ham
Resalta tu belleza natural con nuestro maquillaje,spam
Comienza a disfrutar tu membresia,ham
Gana boletos para la premiere de la pelicula,spam
Verifica tu edad para acceder al contenido,spam
Tus sugerencias nos ayudan a mejorar,ham
Baja nuestra guia de ejercicios gratis,spam
Revisa tu historial de transacciones,ham
Baja de peso con nuestras ensaladas,spam
Elige como quieres recibir tu pedido,ham
Brinda esperanza apadrinando un nino,ham
Regresa a tu infancia con estos juguetes,spam
Feliz aniversario que sigan los exitos,ham
Maneja protegido con nuestro seguro vehicular,spam
Hola planifiquemos juntos tus inversiones,ham
Gracias por unirte a nuestro newsletter,ham
No te pierdas las novedades de la temporada,spam
Tu pedido ha sido despachado,ham
Domina el arte de hablar en publico,spam
Ayudanos a mejorar con tu opinion sincera,ham
Escanea este codigo y gana descuentos,spam
Informamos el cierre temporal de una sucursal,ham
Gana millas en tus viajes de trabajo,spam
Hola te ayudo en lo que necesites,ham
Comienza a ahorrar para tu jubilacion,spam
Verifica tu correo para continuar,ham
Gracias por tu comprension,ham
Se parte del record Guinness con nosotros,spam
Tu certificado de ingresos ya fue emitido,ham
Despierta al artista que llevas dentro,spam
Confirma tu numero celular en el sistema,ham
Liquidacion total precios de locura,spam
Lee como protegemos tu informacion,ham
Felicidades eres el empleado del mes,ham
Evita cargos por mora pagando a tiempo,ham
Postulate a este reality y gana fama,spam
Feliz cumpleanos de parte de todo el equipo,ham
Lee nuestro analisis semanal de la industria,ham
Disfruta 30 dias de servicio bonificado,ham
Marca abdominales de revista con este aparato,spam
No olvides tu evaluacion medica de rutina,ham
Genera ingresos extras en tus tiempos libres,spam
Gracias por tu compra y disfruta tu regalo,ham
Reclama aqui tu 2x1 para cenar,spam
Agrega tus comentarios en el documento compartido,ham
Recibe hoy mismo tus compras del supermercado,spam
Tu transfer al hotel te espera afuera,ham
Refuerza tus defensas con nuestras vitaminas,spam
Gracias por postular te deseamos exitos,ham
Gana el triple con nuestro nuevo plan,spam
Hola agendamos esa llamada pendiente?,ham
Unifica tus prestamos y paga menos intereses,spam
Confirma tu participacion en el taller,ham
Destaca la profundidad de tu mirada,spam
Cambia tu contrasena para mayor seguridad,ham
Gana un fin de semana de spa en nuestro concurso,spam
Envia una copia de tu identificacion,spam
Tus comentarios son valiosos para nosotros,ham
Baja el manual de instrucciones aqui,spam
Tu boleta de pagos esta lista,ham
Desintoxica tu organismo con este batido verde,spam
Elige el plan a tu medida,ham
Construyamos juntos un mundo mejor,ham
Diviertete en familia con nuestros juegos de mesa,spam
Felices fiestas y prospero Ano Nuevo,ham
Agenda tu cita virtual aqui,ham
Comparte tu experiencia y gana dinero,spam
No esperes al corte paga tu recibo hoy,ham
Atrae abundancia con estas velas aromaticas,spam
Gracias por pagar a tiempo y mantener tu cuenta al dia,ham
Descubre las 10 claves del exito empresarial,spam
Firma el convenio de manera digital,ham
Solicita tu muestra gratis aqui,spam
Monitorea tu envio con este tracking,ham
Sorprende a tu amor con esta joya unica,spam
Tu caso es prioritario para nosotros,ham
Invierte como los expertos con nuestras herramientas,spam
Hola potenciemos juntos tu negocio,ham
Accede a beneficios exclusivos en nuestro club,spam
Asiste a la junta de accionistas este viernes,ham
Elimina las imperfecciones con nuestro novo tratamiento,spam
Activa tu nueva tarjeta con este codigo,ham
Gana tickets para el concierto del ano,spam
Verifica tu numero de cuenta para el deposito,spam
Tus comentarios constructivos nos hacen crecer,ham
Baja nuestro e-book de viajes imperdibles,spam
Descarga tu estado de cuenta mensual,ham
Prueba nuestras nuevas opciones veganas,spam
Elige donde recoger tus paquetes,ham
Transforma vidas con tu aporte voluntario,ham
Comienza tu dia con pensamientos positivos,spam
Feliz dia mama gracias por tanto amor,ham
Haz tu reclamo de subsidio aqui,ham
Hola reinventa tu estilo con nosotros,spam
Bienvenido a nuestro selecto grupo,ham
Visita nuestra nueva tienda online,spam
Tu compra ya esta lista para retirar,ham
Aprende diseno grafico desde cero,spam
Tu satisfaccion es nuestra meta,ham
Obten cashback en todas tus compras,spam
Conoce los nuevos horarios de atencion,ham
Gana kms para tu proximo viaje,spam
Hola estare feliz de asesorarte,ham
Comienza hoy a ahorrar para su futuro,spam
Renueva tu membresia a tiempo,ham
Gracias por confiar en nuestros consejos,ham
Apoya esta causa solidaria con tu aporte,spam
Genera tu certificado tributario electronico,ham
Despierta tu creatividad con nuestros cursos,spam
Registra tu telefono en un clic,ham
Aprovecha las ofertas de ultimo minuto,spam
Conoce nuestro compromiso con tu seguridad,ham
Felicidades te ascendieron a gerente,ham
Paga tu cuota antes del 30 y ahorra,ham
Postula a tu equipo favorito y gana,spam
Gracias por ser un cliente fiel,ham
Descubre las empresas top para invertir,spam
Extiende tu suscripcion sin costo extra,spam
Marca la diferencia con tu rutina fitness,spam
Recordatorio de tu consulta dental,ham
Gana regalos testeando productos nuevos,spam
Reclama tu premio por cliente frecuente,ham
Canjea tu bono aqui,spam
Comparte tus ideas sobre esta propuesta,ham
Recibe tu comida favorita en 30 minutos,spam
Tu boleto de avion esta listo,ham
Mejorar tus defensas con probioticos,spam
Gracias por postular te contactaremos pronto,ham
Gana el doble por tus referencias efectivas,spam
Hola necesito que coordinemos esa junta,ham
Reduce tu hipoteca con este refinanciamiento,spam
Confirma tu asistencia al taller de seguridad,ham
Realza la profundidad de tu mirada,spam
Tu pin temporal es 3897,ham
Gana una consola participando en nuestra trivia,spam
Envia una selfie con tu documento,spam
Tus ideas nos inspiran a seguir mejorando,ham
Descarga el manual del usuario,spam
Tu nomina esta disponible para descargar,ham
Baja 2 kilos por semana con nuestra dieta,spam
Elige entre debito o credito,ham
Salva una vida donando sangre hoy,ham
No te pierdas las imagenes mas divertidas,spam
