label,text
ham,Buy now and receive a special discount
spam,Click here to win a prize
spam,Your computer has a virus.
spam,Discover how to lose weight quickly
ham,You need help with your homework.
spam,Make money from home effortlessly
spam,Claim your inheritance from a distant relative
spam,Improve your sexual performance with this product
ham,Please respond to this survey
spam,Invest in this unique opportunity and get rich
ham,Share this message with your friends
spam,Get a loan easily without credit verification
spam,"Congratulations, you've won a new phone."
spam,We need to check your bank account.
spam,Learn English in just 10 days
ham,Thank you for your purchase.
spam,He works from home and earns a lot of money.
spam,This is an important message from your bank.
spam,Increase your size with these miracle pills
ham,"Hi, I'm your neighbor and I need a favor."
spam,You have been selected for an exclusive offer
spam,Download this software for free now
spam,Meet hot singles in your area
ham,Please confirm your subscription
spam,Get a 50% discount on your next trip
spam,Your package is ready to be picked up.
ham,Join our discount club
spam,Click to see pictures of naked people
spam,We need to update your personal information
spam,Buy medicines without a prescription
ham,"Hi, I'm your childhood friend."
spam,Win a $100 gift card
spam,This product will make you feel younger
ham,Please donate to this important cause.
spam,You've won an all-inclusive trip.
spam,Download this free ringtone
spam,Click to see the most fun video
spam,You need this life insurance right now.
ham,Please help me find my lost pet.
spam,Get access to free movies online
spam,Do this IQ test and be surprised.
ham,Thank you for your interest in our services
spam,Multiply your income with this affiliate program
ham,"I miss you, and I want to see you."
spam,Get your free credit report
spam,This miracle product will remove your wrinkles
spam,Please complete this offer to continue
spam,Click to download music for free
spam,Learn how to invest in cryptocurrencies now
ham,I'm in trouble. Please send me money.
ham,Update your contact information
spam,Earn extra money from home
spam,Your account has been temporarily blocked
ham,I need your help urgently.
spam,Receive a welcome bonus when registering
ham,This is a reminder of your medical appointment.
spam,Lose weight effortlessly with this supplement
spam,Click to claim your prize
ham,Thank you for being a valuable customer.
spam,Invest in bitcoin and become a millionaire
ham,Your order has been shipped
spam,Get a loan online instantly
spam,"Hi, I'm a Nigerian prince and I need your help."
spam,Congratulations you've been selected for a paid survey
ham,I'm sorry to inform you that your application has been rejected.
spam,Increase your energy and libido with these natural pills
ham,Your subscription will expire soon
spam,Win a free iPhone by taking part in this draw
spam,We need to verify your payment information
ham,Thank you for contacting our support team
spam,Click to see this person's private photos
spam,Your account has an outstanding balance
ham,This is an important notice from your service provider
spam,Get unlimited access to exclusive content
ham,We'll wait for you at our next meeting.
spam,Make a fortune with this secret method
spam,You've won a gift card from Amazon
ham,Confirm your event attendance
spam,Discover the secrets for beautiful and shiny hair
spam,We need you to verify your identity.
spam,Recommend our product and earn commissions
ham,This is a message from your bank.
spam,Get exclusive discounts on our website
spam,There's been an attempt to start a suspicious session on your account.
ham,We invite you to participate in our survey of satisfaction
spam,This revolutionary product will remove stains from your skin
spam,Click here to download the attachment
ham,Happy birthday from all our team
spam,Join our affiliate program and earn extra money
ham,This is a reminder of your outstanding payment
spam,Discover how to conquer the person of your dreams
spam,"Hi, I want to introduce you to an incredible business opportunity."
ham,Thank you for your donation to our cause.
spam,Get early access to our discounts
ham,Your reservation has been confirmed.
spam,Earn muscles quickly with this supplement
ham,Please update your communication preferences
spam,Take advantage of this time-limited offer
ham,This is an automatic message from our system.
spam,You've won a voucher in our store.
ham,Your date has been rescheduled.
spam,Click here to receive your reward
spam,This is a notice of your expired bill.
ham,I need you to do me a favor.
spam,Take part in our contest and win incredible prizes
ham,Your order has been cancelled.
spam,Get life insurance at an unbeatable price
spam,"Hi, I'm an old friend and I want to reconnect with you."
ham,Thank you for your patience as we solve your problem.
spam,Invest in this popup cryptocurrency and multiply your money
ham,Your account has been successfully updated
spam,Get a free sample of our product
spam,This software will optimize the performance of your computer
spam,Congratulations you qualified to receive a special discount
ham,We regret to inform you that the product is exhausted.
spam,Increase your bust naturally with this cream
ham,Your membership will expire in a few days.
spam,Win an all paid trip by participating in our draw
spam,We need you to confirm your shipping address.
ham,Thank you for writing us. We'll be back soon.
spam,Click to view this amazing video
spam,Your account has an unrecognised charge
ham,This is a reminder of your next date.
spam,Get access to exclusive content by signing up now
ham,We'll wait for you at the morning meeting.
spam,Make money easy from the comfort of your home
spam,You've won a new tablet.
ham,Confirm your attendance at the wedding
spam,"Discover the secret to long, thick pestanas"
spam,We need you to check your account.
spam,Join our referral program and earn commissions
ham,This is a warning from your bank.
spam,Get free shipping on your first purchase
spam,We've detected suspicious activity on your account.
ham,We invite you to try our new product
spam,This supplement will make you lose weight while you sleep
spam,Click here to download your invoice
ham,Happy anniversary. Have a wonderful day.
spam,Become an affiliate and earn money by promoting our products
ham,This is a reminder of your date tomorrow.
spam,Find out how to seduce anyone
spam,"Hi, I have a business proposal that might interest you."
ham,Thank you for your support to our organization
spam,Get early access to our special offers
ham,Your reservation has been successful
spam,Develop the body of your dreams with this training
ham,Please complete your profile for a better experience
spam,Last day to take advantage of this discount
ham,This message is to inform you about changes in our policies
spam,You have been selected to receive a special gift
ham,Your medical results are ready.
spam,Click to download this amazing game
ham,Your order has been successfully processed.
spam,Get a special discount on your next haircut
spam,We remind you that you have an outstanding payment
ham,"Hi, I'd like to ask you out."
spam,Take part in our raffle and win fabulous prizes
ham,Your package is on its way.
spam,Lose weight quickly with this miraculous diet
ham,We're working to resolve the incidence as soon as possible.
spam,Click here to see amazing pictures of kittens
ham,Thank you for registering on our website
spam,Get your free credit report now
ham,I need your collaboration on an important project.
spam,Make money watching ads on your phone
ham,We've received your request and we're processing it.
spam,Improve your sexual life with this natural supplement
ham,Hi. I just wanted to know how you've been.
spam,Invest in real estate and secure your financial future
spam,Confirm your subscription by clicking here
ham,Thank you for contacting our customer service
spam,Join our reader club and receive free books
ham,Your bill is ready for download.
spam,Get the best tips for radiant skin
spam,We need to verify your tax information.
spam,Earn commissions by promoting our services
ham,"Hi, I'm Maria, your new neighbor."
spam,Take advantage of our end-of-season offers
ham,This is a reminder of your booking
spam,Eliminate wrinkles with this revolutionary treatment
ham,Make your payment before the deadline
spam,Click to download this free wallpaper
ham,Congratulations on your achievement. You deserve it.
spam,Become a social media expert with our course
ham,We regret the inconvenience caused by the delay in your flight.
spam,Weight loss without diet or exercise
spam,"Hi, I want to share this unique opportunity with you."
ham,Thank you for your loyalty here you have a discount coupon
spam,Access premium content by signing up for our newsletter
ham,Your appointment tomorrow has been confirmed.
spam,Develop leadership skills with this seminar
ham,Please respond to this brief survey about your experience
spam,This is your last chance to purchase this product
ham,We have updated our terms and conditions
spam,You have been shortlisted to receive a cash prize
ham,Remember that you have a task ahead of you.
spam,Click here to meet interesting people near you
ham,Thank you for preferring your opinion is very important to us.
spam,Don't miss this incredible offer. Sign up now.
ham,We hope you enjoy your stay at our hotel
ham,Your order has been successfully delivered
spam,Earn extra money by working from home
ham,This is a reminder of your next appointment.
spam,Discover the secret to a flat abdomen
ham,Thank you for your payment your account is up to date
spam,Click here to claim your discount coupon
ham,I need you to send me the requested information.
spam,Get exclusive access to our private sales
ham,Your flight reservation has been confirmed.
spam,Increase your energy with this natural supplement
ham,We have received your inquiry and we will reply as soon as possible.
spam,Invest in shares and multiply your capital
ham,"Hi, would you like to have coffee with me?"
spam,Take advantage of our interest-free funding
ham,Please confirm your attendance at the seminar
spam,Click to see amazing makeup tricks
ham,Your subscription has been automatically renewed
spam,Win a new car participating in our contest
spam,We need to verify your contact details.
ham,Thank you for your interest. An advisor will contact you soon.
spam,Download this app and get a discount
ham,Your statement is ready to be reviewed.
spam,Improve your sports performance with our training program
ham,Please update your notification preferences
ham,Make a donation and help change lives
spam,Click to see the photos of the party
ham,Congratulations on your work anniversary.
spam,Get your health insurance today
spam,"Hi, I'm your personal financial advisor."
ham,Thank you for registering enjoy all our benefits
spam,Don't miss our last minute offers
ham,Your package is ready to be picked up
spam,Find out how to learn a language in record time
ham,Please complete the satisfaction survey
spam,Click to download this free ebook
ham,We regret to inform you that your credit has not been approved.
spam,Make money by sharing your opinions
ham,Hello I am interested in your services
spam,Get life insurance without medical examinations
spam,Confirm your subscription to our mailing list
ham,Thank you for your visit. We hope to see you soon.
spam,Click to view this amazing comedy video
ham,Your payment receipt is available for download
spam,Develop an extraordinary memory with this course
ham,Please check your shipping address
spam,Last chance to buy with discount
ham,This message is to inform you about our new policy
spam,You've won a gift card for your favorite store
ham,Remember that you have an important event tomorrow
spam,Meet singles and singles in your city
ham,We appreciate your preference keep enjoying our products
spam,Subscribe to our channel and don't miss any video
ham,Your order has been updated.
spam,Make extra money with this part-time job
ham,This is a friendly reminder of your dental appointment.
spam,Lose weight sleeping with this miracle pill
ham,Thank you for your purchase your order is being processed
spam,Click to get your free credit report
ham,I need you to review and sign the attached contract.
spam,Access exclusive discounts on our website
ham,Your package is on its way and will arrive soon
spam,Improve your sexual performance with this natural product
ham,We've received your claim and we're working on it.
spam,Invest in gold and protect your heritage
ham,"Hi, would you like to have dinner with me this weekend?"
spam,Take advantage of our preferential interest rates
ham,Please confirm your attendance at the meeting tomorrow
spam,Discover the secrets to beautiful hair
ham,Your membership has been successfully activated
spam,Win an all-inclusive trip by participating in our draw
spam,We need to verify your identity to process your request.
ham,Thank you for contacting us we value your comments
spam,Install this application and get rewards
ham,Your bill of the month is ready to be paid
spam,Transform your body with our 90-day program
ham,Please update your payment information
ham,Help us build a better world with your contribution
spam,Look at these funny pictures of animals.
ham,Happy birthday that all your wishes come true
spam,Get your home insurance with us
spam,"Hi, I'm your new personal trainer."
ham,"Welcome aboard, we are delighted to have you with us."
spam,Last hours to take advantage of our promotions
ham,Your reservation has been successfully processed
spam,Learn to play guitar in just 4 weeks
ham,Please help us improve by answering this brief survey
spam,Click to download this amazing wallpaper
ham,We regret to inform you that your application has not been selected.
spam,Earn rewards for your daily purchases
ham,Hello I would like to quote your services
spam,Get the medical coverage you need
spam,Confirm your email address for updates
ham,Thank you for choosing us. We're here to serve you.
spam,Don't miss this funny cat video
ham,Your proof of payment is attached to this message
spam,Power your brain with our cognitive training
ham,Please review and update your personal data
spam,This is your last chance to save
ham,Important: changes in our terms and conditions
spam,Congratulations you've been selected for a scholarship.
ham,Remember that you have an important meeting on Monday
spam,Find your ideal partner with our app
ham,We value your loyalty here you have a special gift
spam,Subscribe to our weekly newsletter
ham,Your claim has been resolved favorably
spam,Gain muscle quickly with this supplement
ham,This is a reminder of your hairdressing appointment.
spam,Find out how to make money from your home
ham,Thank you for your payment your subscription has been renewed
spam,Click to get your discount code
ham,I need you to send me the report as soon as possible.
spam,Enjoy free shipping on your next purchase
ham,Your package has been successfully delivered
spam,Increase your libido with this revolutionary product
ham,We've received your application and we're reviewing it.
spam,Invests in real estate and generates passive income
ham,Hi. Would you like to join our reading club?
spam,Take advantage of our preferential exchange rate
ham,Please confirm your assistance to the webinar tomorrow
spam,Looks a radiant skin with our tips
ham,Your account has been successfully verified
spam,Win a video game console in our contest
spam,We need to verify your address to send your order.
ham,Thanks for your feedback always looking to improve
spam,Try this amazing mobile game
ham,Your statement is available online
spam,Lose Weight Healthyly with Our Nutritional Advice
ham,Please update your communication preferences
ham,Together we can achieve positive change
spam,Look at these lovely pictures of puppies
ham,Happy wedding anniversary that continues to celebrate many more
spam,Protect your family with our life insurance
spam,"Hi, I'm your personal image advisor."
ham,Welcome to our reward program
spam,Last days of sale don't miss them!
ham,Your order is being prepared for shipping
spam,Learn a new language in a fun way
ham,Please tell us about your experience with our service
spam,Download our app and get a special discount
ham,We regret the inconvenience caused by the delay
spam,Win prizes for your frequent purchases
ham,"Hey, could we schedule a call?"
spam,Secure your car with the best coverage on the market
spam,Check your subscription by clicking on the link
ham,Thank you so much for preferring us. We are committed to your satisfaction.
spam,Don't miss these funny memes.
ham,Your tax voucher is ready to be downloaded.
spam,Train your mind with our ingenuity games
ham,Please confirm your phone number
spam,"This offer expires at midnight, take advantage of it now!"
ham,Important update of our privacy policies
ham,Congratulations you were selected for an interview
ham,"Remember, you have a medical appointment this Thursday."
spam,Find the love of your life with our app
ham,We appreciate your loyalty enjoy this gift
spam,Stay informed with our daily news
ham,Your application has been successfully approved.
spam,Develops a sculptural body with our routines
ham,This is a reminder of your reservation at our restaurant
spam,Work from home and generate extra income
ham,Thank you for your purchase. We hope you enjoy your product.
spam,Use this promotional code on your next visit
ham,I need you to review the attached document and give me your comments.
spam,Get free express shipping on purchases over $100
ham,Your luggage is on its way to your home.
spam,Increase your endurance with our sports supplement
ham,We have received your resume and we will contact you if there is a vacancy
spam,Invest in cryptocurrencies and multiply your winnings
ham,Hi. Would you like to be part of our team?
spam,Take advantage of our credit with no interest months
ham,Please confirm your assistance to security training
spam,It looks amazing eyelashes with our mascara
ham,Your account has been successfully unlocked
spam,Win a weekend at the beach in our draw
spam,We need to check your age to process your order.
ham,We appreciate your suggestions are always welcome
spam,Download this inspirational wallpaper for free
ham,Your current balance and moves are on this link
spam,Low weight with our delicious healthy recipes
ham,Please choose your preferred payment method
ham,Your donation can make a difference in many lives
spam,Don't miss these videos of playful kittens
ham,Happy birthday that this year is full of blessings
spam,Protect your business with our PyMEs insurance
spam,"Hi, I'm your personal life coach."
ham,Thank you for joining our online community
spam,Last available units run out!
ham,Your order has been sent you will receive a confirmation by mail
spam,Learn the techniques of big business leaders
ham,Please share your opinion on our new product
spam,Get a discount using this QR code
ham,We regret the temporary closure of our offices
spam,Collect points and redeem them for incredible rewards
ham,Hello I would like more information about your services
spam,Secure your future with our retirement plan
spam,Reconfirm your email by clicking below
ham,A million thanks for your trust. Let's keep growing together.
spam,We share this fun viral challenge
ham,Your e-invoice is ready to download here
spam,Stimulate your creativity with our art workshop
ham,Please check your contact information
spam,Only for 24 hours all at half price
ham,Important changes in our services
ham,Congratulations you've been promoted to a new position
ham,We remind you that you have an outstanding payment
spam,Meet interesting people near you
ham,We gave you a coupon for your birthday.
spam,Find out about the latest industry news
ham,Your warranty has been extended at no additional cost
spam,Tonify your body with only 20 minutes a day
ham,This is a reminder of your flight tomorrow.
spam,Generate income by sharing your knowledge
ham,Thank you for your visit here you have a farewell gift
spam,Use this discount code before it expires
ham,I need your approval to proceed with the plan.
spam,Enjoy our premium service for 30 days for free
ham,Your purchase order has been successfully processed
spam,Unlock your potential with our motivational seminar
ham,We've received your application. Thank you for your interest.
spam,Get steady profits with our system
ham,"Hi, would you like to collaborate on our project?"
spam,Take advantage of our financing plans
ham,Please respond to this Job Satisfaction Survey
spam,Rejuvenate your skin with our anti-aging treatment
ham,Your account has been updated with the new features
spam,Win a spa day in our end-of-month contest
spam,We need to check your driver's license for rent.
ham,We value your opinion tell us how we can best serve you
spam,Surprise your partner with this original gift
ham,Your monthly expense summary is available
spam,Stay in shape with our online classes
spam,Please select your preferred shipping method
ham,Help us plant more trees with your contribution
spam,Enjoy hours of fun with this addictive game
ham,Happy Holidays Have a Merry Christmas and Happy New Year
ham,We're processing your refund.
spam,Earn extra money with our affiliate program
ham,Reminder: Your appointment with the dentist is tomorrow
spam,Effortlessly thinning with this new product
ham,Thank you for your order. We're preparing your shipment.
spam,Download your free credit report now
ham,Please review and sign the confidentiality agreement
spam,Get exclusive discounts in our online store
ham,Your shipment's on its way. It'll be here soon.
spam,Power your sex life with our pills
ham,We're taking care of your claim. We'll answer you as soon as possible.
spam,Invest in high-performance stocks today
ham,"Hi, would you like to go out for coffee?"
spam,Take advantage of our low-interest loans
spam,Confirm your presence at the seminar tomorrow
spam,Get the hair of your dreams with our treatment
ham,Your subscription has been activated welcome
spam,Take part in our draw and win incredible prizes
spam,We need to verify your identity please contact us
ham,Thank you for your comments are very valuable to us
spam,Try our new app and get rewards
ham,Your statement is already available check it here
spam,Transform your physique with our 30-day challenge
ham,Please update your billing data
ham,Join our cause and make the world a better place
spam,Don't miss these fun animal videos
ham,Happy birthday that all your dreams come true
spam,Protect your home with our disaster insurance
spam,"Hi, I'm your virtual personal trainer."
ham,Thank you for joining our team welcome aboard
spam,Last few hours of our mega-salt take advantage!
ham,Your reservation has been confirmed thanks for choosing us
ham,Learn to meditate and reduce your stress
spam,Please share your experience with our product
spam,Download this amazing free wallpaper
ham,We regret to report that your credit has not been approved.
spam,Earn points for each purchase and redeem them for prizes
ham,"Hi, I'm interested in hiring your services."
spam,Get the best medical coverage for you and your family
spam,Confirm your subscription to our mailing list
ham,Thank you for being our customer we value your preference
spam,Look at this funny video of fails.
ham,Your bill is ready to download here
spam,Improve your mental agility with our games
ham,Please check and update your profile
spam,"This incredible offer ends today, don't miss it!"
ham,Important changes in our service policies
ham,Congratulations you've been selected for a scholarship
ham,Remember your appointment for your annual checkup
spam,Find your orange half with our dating app
ham,Thank you for your loyalty here you have a discount code
spam,Stay up to date with our daily news summary
ham,Your request has been accepted congratulations
spam,Develop muscles in a short time with our product
ham,Reminder: Your reservation at the restaurant is tonight
spam,Earn money from home with this simple method
ham,Thank you for your purchase your satisfaction is our priority
spam,Use this coupon on your next visit to our store
ham,Please check the attachment and send me your comments.
spam,Enjoy free shipping on orders over $500
ham,Your luggage has been shipped soon will be with you
spam,Increase your energy with our energy bars
ham,We have received your application we will contact you soon
spam,Invest in cryptocurrency of the moment
ham,"Hi, we'd love for you to be part of our team."
spam,Take advantage of our interest-free payment plans
ham,Please attend tomorrow's mandatory training
spam,Looks like a shocking look with our delineator
ham,Your account is already active start enjoying the benefits
spam,Take part in our contest and win a trip
spam,We need to check your age to proceed.
ham,We appreciate your ideas help us improve
spam,Download this ebook full of useful tips
ham,Here's your monthly statement.
spam,Low weight eating delicious dishes
ham,Please select your payment method
ham,Help us build more schools with your donation
spam,Don't miss these adorable puppy videos.
ham,Happy anniversary to keep many more together
spam,Secure your car with us and get great benefits
spam,"Hi, I'm your personal financial advisor."
ham,Thank you for being part of our community.
spam,Last items in stock add them to your cart!
ham,Your order has been sent. We'll keep you informed.
spam,Master the art of speaking in public with our course
ham,Help us improve with your sincere opinion
spam,Get a special gift with this QR code
ham,We inform that our stores will remain closed today
spam,Earn rewards for your regular purchases
ham,Hello tell me more about the project you mentioned
spam,Protect your loved ones with funeral insurance
spam,Confirm your email by clicking on the link
ham,Thank you for trusting us. We're here to serve you.
spam,Try this viral challenge and share your results
ham,Your tax receipt is now available download it here
spam,Wake up your creativity with our painting course
ham,Please check your contact details
spam,Night sale only for a few hours
ham,New updates in our terms and conditions
ham,Congratulations on your promotion. You deserve it.
ham,Remember that your payment is due next week
spam,Expand your social circle with our app
ham,Happy birthday we send you a virtual gift
spam,Stay informed with our weekly newsletter
ham,We have extended your warranty at no additional cost
spam,Tonify your body with our exercise program
ham,Confirmation of your flight for tomorrow
spam,Monetize your skills with our system
ham,Thanks for visiting us. He'll be back soon.
spam,Use this coupon before it expires
ham,I need your clearance for the next step.
spam,Try our free premium service for one month
ham,Your payment has been successfully processed
spam,Transform your mind with our spiritual retreat
ham,Thanks for running. We'll consider your profile.
spam,Get Passive Income with Our Program
ham,"Hello, are you interested in joining our team?"
spam,Take advantage of our special credits for SMEs
ham,Please complete the work climate survey
spam,Rejuvenate your face with our anti-ageing serum
ham,Your account has been improved with new features
spam,Win a romantic dinner in our draw
spam,We need a copy of your ID for the record.
ham,Your opinion matters to us. Tell us how it went.
spam,Surprise your best friend with this detail
ham,Your balance and movements of the month are ready
spam,Keep your fitness routine with our videos
spam,Please choose the color and size of your choice
ham,Support our foundation with your voluntary contribution
spam,Spend hours of entertainment with this game
ham,Happy holidays we wish you peace and prosperity
ham,Book your appointment online and avoid rows
spam,Generate income by recommending our courses
ham,Friendly reminder: your bill is about to expire
spam,Try your luck at the lottery with this number
ham,Thank you for your payment your service is active
spam,Discover the formula of success in our webinar
ham,Check the attached document and sign it digitally
spam,Get free samples of our products
ham,Your package will arrive in the next 48 hours
spam,Awaken your sensuality with our fragrances
ham,We'll take your case first and foremost.
spam,Invest in the long term with our funds
ham,"Hey, let's have a talk about your future."
spam,Take advantage of our preferential rate for savings
ham,Confirm your attendance at the board of directors
spam,Solve your acne problems with our gel
ham,Your new debit card is on its way.
spam,Win tickets for the concert of the year
spam,We need to verify the account where you receive your payments.
ham,We appreciate your constructive comments.
spam,Download our free travel guide
ham,Your current balance and upcoming payments
spam,Weight loss with our vegetarian options
ham,Please select the delivery point
ham,Join our volunteers and change lives
spam,Don't miss these inspiring images
ham,Happy Mother's Day Congratulations to your mom
ham,Claim your unemployment insurance here
spam,Hi I want to be your style guru
ham,Welcome to our select club
spam,Latest added news explore our catalog
ham,Your order is almost ready to pick it up.
spam,Learn how to design as a professional with our tutorial
ham,What did you think of your experience with our team?
spam,Get cash-back with this coupon
ham,Official communiqué: new hours of service
spam,Accumulate miles on every trip you make with us
ham,I know you have doubts. I'd be glad to clear them up for you.
spam,Prepare your children's future with our college fund
spam,Reconfirm your email to avoid suspensions
ham,Thank you so much for choosing us we will do everything we can to satisfy you
spam,Help us break this Guinness record
ham,Your retention voucher is ready.
spam,Release your artistic potential with our set of paintings
ham,Please check your cell number
spam,Today everything has 70% discount run
ham,We submit our new privacy notice
ham,Congratulations you've been nominated for employee of the month.
ham,Avoid surcharges by paying your account on time
spam,Post your half orange and win a blind date
ham,A special gift for being our faithful customer
spam,Read our weekly market analysis
ham,We extended your trial period for free
spam,Mark your abs with our fat burning
ham,Reminder of your medical appointment
spam,Earn money by testing products at home
ham,Thank you for your purchase claim your gift here
spam,Redeem this coupon for a 2x1 at dinners
ham,Share your comments on the draft with me
spam,Receive your purchases on the same day with our express service
ham,Your business trip is all booked.
spam,Strengthen your immune system with our vitamins
ham,Thank you for applying we will call you if there are vacancies
spam,Multiply your winnings by joining our team
ham,Hi. I'd love to meet you.
spam,Take advantage of our refinancing option
ham,Confirm your attendance at the security workshop
spam,Highlight your look with our eyeshadows
ham,Your new password is already active
spam,Win a console by participating in our tournament
spam,We need a picture of your I.D.
ham,Help us to serve you better with your suggestions
spam,Download the user manual here
ham,Your payroll receipt is available here
spam,Weight loss without hunger
ham,Please select the location of your preference
ham,Save more lives with your donation
spam,Don't miss these hilarious memes.
ham,Your refund is in process
spam,Earn commissions for referring friends
ham,Don't forget your dental cleaning appointment.
spam,Lose weight while you sleep with this tea
ham,Thank you for buying with us.
spam,Check your free credit score
ham,I need you to sign the NDA attachment.
spam,Access offers for members only
ham,Your order is on delivery route
spam,Increase your endurance with these pills
ham,We're reviewing your complaint.
spam,Invest in government bonds today
ham,"Hey, you want to go on a date with me?"
spam,Finance your purchase with our credit
ham,Confirm your workshop attendance
spam,Looks like a commercial hair with our shampoo.
ham,Your membership has been approved.
spam,Win a gift card in our raffle
spam,"For your safety, we'll verify your identity."
ham,Your feedback is valuable to us
spam,Download our app and earn points
ham,Your monthly balance sheet has already been generated.
spam,Reduce sizes with our detox plan
ham,Update your payment method
ham,Support this noble cause with your contribution
spam,Watch these funny cat videos
ham,Happy birthday. Have an amazing time.
spam,Get our theft insurance.
spam,Hello I'll be your nutritionist online
ham,Welcome to the team.
spam,Last hours of cyber Monday
ham,Your hotel room is ready
ham,Find your inner peace with yoga
spam,Tell us what you thought of the product
spam,Download this amazing wallpaper HD
ham,Your credit application was denied.
spam,Accumulate reward points on each purchase
ham,Hello quote our services here
spam,Protect your family with health insurance
spam,Activate notifications from our newsletter
ham,Thank you for always preferring us.
spam,Don't miss these funny bloopers.
ham,Download your statement here
spam,Test your intellect with Sudokus
ham,Check and complete your personal information
spam,Only today 50% discount on everything
ham,Read our new terms of service
ham,"Congratulations, you got the scholarship."
ham,Schedule your appointment for the annual checkup
spam,Meet singles compatible with you
ham,Thank you for your loyalty.
spam,Find out about the most relevant news
ham,Congratulations your credit was pre-approved.
spam,Mark the muscles of your dreams
ham,Reconfirm your appointment at the spa
spam,Work from home without experience
ham,Your purchase is protected
spam,Bring this coupon for a special gift
ham,Send me your observations from the report.
spam,Get your free shipments for a year
ham,Your suitcase will arrive on the next flight
spam,Have energy all day with our capsules
ham,Thank you for applying. We'll take you into account.
spam,Get Bitcoin for free with this trick
ham,Hello join our dream team
spam,Fracturize your purchases for up to 12 months
ham,Attend motivational talk
spam,Highlight your beauty with our lipstick
ham,Start enjoying your subscription
spam,Contest for VIP tickets to the premiere
spam,Check that you're of age
ham,Your comments make us better
spam,Download our free recipe book
ham,Review your recent transactions
spam,Thinness eating these snacks
ham,Choose your favorite shipping method
ham,Change a life by sponsoring a child
spam,Wake up your inner child with Lego
ham,Happy wedding anniversary
spam,Protect your car with our insurance
ham,"Hello, let's optimize your finances together."
ham,Thank you for joining our virtual community
spam,Visit our new collection
ham,We confirmed the office of your order.
spam,Master the oratory with this course
ham,Your honest opinion matters to us.
spam,Win gifts with this QR code
ham,Communiqué: temporary change of venue
spam,Accumulate miles traveling with us
ham,Hello. I'll sort out all your queries.
spam,Invest in the future of your retirement
ham,Validate your email to continue
ham,Thank you for your patience.
spam,Break this record and gain fame
ham,Your tax certificate is ready.
spam,Draw as an expert with these tips
ham,Check your phone number
spam,Flash comes out. Everything has to go.
ham,Know our commitment to your privacy
ham,Congratulations on your outstanding performance
ham,Pay on time and keep your credit record
spam,Post yourself to this reality show
ham,Claim your birthday gift card here
spam,Read the key insights of the industry
ham,Enjoy 30 more days of courtesy
spam,Mark your six-pack with our gel
ham,Check the results of your medical tests
spam,Win by testing products like mystery shopper
ham,Thanks for buying claim your cashback
spam,Redeem your discount coupon here
ham,Add your comments in the document
spam,Get your super on the door of your house.
ham,Your flight is confirmed.
spam,Strengthen your defenses with this supplement
ham,Thank you for your interest. We will contact you soon.
spam,Generates extra income as a freelancer
ham,"Hey, when do we get together?"
spam,Unify your debts with this special rate
ham,Confirm your presence at the training
spam,Highlight your eyes with our new mascara
ham,Access with your new temporary key
spam,Win a gift card by commenting on our service
spam,Attach a copy of your card
ham,Your feedback helps us grow
spam,Lowers the operating instruction
ham,Your payment ticket is available
spam,Detox your body with these juices
ham,Choose the plan that suits you
ham,Let's build a shelter with your support
spam,Enjoy hours of family fun
ham,Happy Easter Enjoys as a Family
ham,Schedule your appointment online
spam,Monetize your knowledge as an instructor
ham,Avoid cutting by paying today
spam,Attracts luck with this amulet
ham,Thank you for paying on time.
spam,Discover the keys to a successful business
ham,Review and approve the digital contract
spam,Order your free medical sample
ham,Track your shipment with this code
spam,Surprise your partner with this perfume
ham,We'll settle your case as soon as possible.
spam,Invests in real estate with experts
ham,"Hello, let's evaluate your professional profile."
spam,Save big with our VIP account
ham,Attends the shareholders' meeting
spam,Eliminates acne with this natural soap
ham,Activate your new card with a purchase
spam,Set up and meet your favorite band
spam,Check your payroll deposit account
ham,We appreciate your ideas for improvement.
spam,Download our free tourist map
ham,Check your balance and upcoming invoices
spam,Try our veggie menu
ham,Choose where to collect your package
ham,Join as a volunteer and change realities
spam,Be inspired by these motivational phrases
ham,"Happy day, Mom. You're the best."
ham,Apply for unemployment insurance
spam,"Hello, we're renovating your wardrobe."
ham,Enjoy the benefits of being a partner
spam,Discover the latest fashion trends
ham,Your order is ready to pick up.
spam,Learn Photoshop from scratch
ham,Your opinion of our service is of interest to us
spam,Get reimbursement from your purchases
ham,We report our new schedules
spam,Earn extra points with our travel club
ham,"Hey, what can I do for you?"
spam,Ensure your children's education from today
spam,Avoid suspension renew your license
ham,Thank you for trusting our advice.
spam,Help us overcome this world brand
ham,Your retention certificate has already been generated.
spam,Express your talent with this set of brushes
ham,Check your phone number.
spam,Mega offers only for today
ham,Know how we protect your data
ham,Congratulations on your promotion.
ham,Pay today and avoid default interest
spam,Post your crush and win a date
ham,Thank you for being part of our club.
spam,Find out about market movements
ham,We extended your membership at no cost
spam,Makes the difference with steel abs
ham,Reminder: Your Annual Medical Review
spam,Make money from home
ham,Claim here your prize for your purchase
spam,Redeem this coupon for a free dessert
ham,Share your ideas about the project with me
spam,Get your shopping today
ham,Your taxi to the airport will arrive in 10 minutes
spam,Keep your defenses high with vitamin C
ham,Thank you for running for luck in your search.
spam,Earn more by referring to this opportunity
ham,"Hello, we're coordinating that pending meeting."
spam,Reduce your fees with our special plan
ham,Confirm your participation in the drill
spam,Highlight your gaze with our shadows
ham,Your new key is already operational.
spam,Win a gamer kit in our draws
spam,Attach a photo of your document
ham,We seek improvement with your suggestions
spam,Download the user manual here
ham,You can now download your payment ballot
spam,Lower two sizes with our smoothies
ham,Choose how you want to pay
ham,Saves a pet by adopting
spam,Don't miss these epic memes.
ham,Your refund is in process
spam,Earn commissions for referring friends
ham,Don't forget your dental cleaning appointment.
spam,Lose weight while you sleep with this tea
ham,Thank you for buying with us.
spam,Check your free credit score
ham,I need you to sign the NDA attachment.
spam,Access offers for members only
ham,Your order is on delivery route
spam,Increase your endurance with these pills
ham,We're reviewing your complaint.
spam,Invest in government bonds today
ham,"Hey, you want to go on a date with me?"
spam,Finance your purchase with our credit
ham,Confirm your workshop attendance
spam,Looks like a commercial hair with our shampoo.
ham,Your membership has been approved.
spam,Win a gift card in our raffle
spam,"For your safety, we'll verify your identity."
ham,Your feedback is valuable to us
spam,Download our app and earn points
ham,Your monthly balance sheet has already been generated.
spam,Reduce sizes with our detox plan
ham,Update your payment method
ham,Support this noble cause with your contribution
spam,Watch these funny cat videos
ham,Happy birthday. Have an amazing time.
spam,Get our theft insurance.
spam,Hello I'll be your nutritionist online
ham,Welcome to the team.
spam,Last hours of cyber Monday
ham,Your hotel room is ready
ham,Find your inner peace with yoga
spam,Tell us what you thought of the product
spam,Download this amazing wallpaper HD
ham,Your credit application was denied.
spam,Accumulate reward points on each purchase
ham,Hello quote our services here
spam,Protect your family with health insurance
spam,Activate notifications from our newsletter
ham,Thank you for always preferring us.
spam,Don't miss these funny bloopers.
ham,Download your statement here
spam,Test your intellect with Sudokus
ham,Check and complete your personal information
spam,Only today 50% discount on everything
ham,Read our new terms of service
ham,"Congratulations, you got the scholarship."
ham,Schedule your appointment for the annual checkup
spam,Meet singles compatible with you
ham,Thank you for your loyalty.
spam,Find out about the most relevant news
ham,Congratulations your credit was pre-approved.
spam,Mark the muscles of your dreams
ham,Reconfirm your appointment at the spa
spam,Work from home without experience
ham,Your purchase is protected
spam,Bring this coupon for a special gift
ham,Send me your observations from the report.
spam,Get your free shipments for a year
ham,Your suitcase will arrive on the next flight
spam,Have energy all day with our capsules
ham,Thank you for applying. We'll take you into account.
spam,Get Bitcoin for free with this trick
ham,Hello join our dream team
spam,Fracturize your purchases for up to 12 months
ham,Attend motivational talk
spam,Highlight your beauty with our lipstick
ham,Start enjoying your subscription
spam,Contest for VIP tickets to the premiere
spam,Check that you're of age
ham,Your comments make us better
spam,Download our free recipe book
ham,Review your recent transactions
spam,Thinness eating these snacks
ham,Choose your favorite shipping method
ham,Change a life by sponsoring a child
spam,Wake up your inner child with Lego
ham,Happy wedding anniversary
spam,Protect your car with our insurance
ham,"Hello, let's optimize your finances together."
ham,Thank you for joining our virtual community
spam,Visit our new collection
ham,We confirmed the office of your order.
spam,Master the oratory with this course
ham,Your honest opinion matters to us.
spam,Win gifts with this QR code
ham,Communiqué: temporary change of venue
spam,Accumulate miles traveling with us
ham,Hello. I'll sort out all your queries.
spam,Invest in the future of your retirement
ham,Validate your email to continue
ham,Thank you for your patience.
spam,Break this record and gain fame
ham,Your tax certificate is ready.
spam,Draw as an expert with these tips
ham,Check your phone number
spam,Flash comes out. Everything has to go.
ham,Know our commitment to your privacy
ham,Congratulations on your outstanding performance
ham,Pay on time and keep your credit record
spam,Post yourself to this reality show
ham,Claim your birthday gift card here
spam,Read the key insights of the industry
ham,Enjoy 30 more days of courtesy
spam,Mark your six-pack with our gel
ham,Check the results of your medical tests
spam,Win by testing products like mystery shopper
ham,Thanks for buying claim your cashback
spam,Redeem your discount coupon here
ham,Add your comments in the document
spam,Get your super on the door of your house.
ham,Your flight is confirmed.
spam,Strengthen your defenses with this supplement
ham,Thank you for your interest. We will contact you soon.
spam,Generates extra income as a freelancer
ham,"Hey, when do we get together?"
spam,Unify your debts with this special rate
ham,Confirm your presence at the training
spam,Highlight your eyes with our new mascara
ham,Access with your new temporary key
spam,Win a gift card by commenting on our service
spam,Attach a copy of your card
ham,Your feedback helps us grow
spam,Lowers the operating instruction
ham,Your payment ticket is available
spam,Detox your body with these juices
ham,Choose the plan that suits you
ham,Let's build a shelter with your support
spam,Enjoy hours of family fun
ham,Happy Easter Enjoys as a Family
ham,Schedule your appointment online
spam,Monetize your knowledge as an instructor
ham,Avoid cutting by paying today
spam,Attracts luck with this amulet
ham,Thank you for paying on time.
spam,Discover the keys to a successful business
ham,Review and approve the digital contract
spam,Order your free medical sample
ham,Track your shipment with this code
spam,Surprise your partner with this perfume
ham,We'll settle your case as soon as possible.
spam,Invests in real estate with experts
ham,"Hello, let's evaluate your professional profile."
spam,Save big with our VIP account
